"source_sha","environment","run_id","scenario","history_rows","renderer","repeat_iterations","mount_ms","render_ms_per_op","row_sync_ms_per_op","cpu_frame_p50_ms","cpu_frame_p95_ms","measure_ms_per_call","draw_ms_per_call","frame_count_median","rss_anon_max_mib"
"209470a6568b32a48a30dd4c5020814fcf86e21e","ci-emulator","36511150618","alternateScreenUpdate","1000","eager","3","","0.50","0.41","91.21","115.34","0.20","","32.00","88.23"
"209470a6568b32a48a30dd4c5020814fcf86e21e","ci-emulator","36511150618","alternateScreenUpdate","1000","chunkedEager","3","","1.12","0.14","87.60","121.84","0.32","","33.00","88.38"
"209470a6568b32a48a30dd4c5020814fcf86e21e","ci-emulator","36511150618","alternateScreenUpdate","1000","chunkedLayers","3","","0.53","0.24","88.64","110.64","0.18","","31.00","88.15"
"209470a6568b32a48a30dd4c5020814fcf86e21e","ci-emulator","36511150618","alternateScreenUpdate","5000","eager","3","","0.65","0.28","93.27","126.12","0.11","","33.00","101.32"
"209470a6568b32a48a30dd4c5020814fcf86e21e","ci-emulator","36511150618","alternateScreenUpdate","5000","chunkedEager","3","","0.54","0.15","96.88","115.84","0.13","","33.00","101.28"
"209470a6568b32a48a30dd4c5020814fcf86e21e","ci-emulator","36511150618","alternateScreenUpdate","5000","chunkedLayers","3","","0.88","0.16","94.28","112.84","0.34","","32.00","101.07"
"209470a6568b32a48a30dd4c5020814fcf86e21e","ci-emulator","36511150618","alternateScreenUpdate","10000","eager","3","","0.83","0.19","93.45","114.27","0.10","","34.00","134.60"
"209470a6568b32a48a30dd4c5020814fcf86e21e","ci-emulator","36511150618","alternateScreenUpdate","10000","chunkedEager","3","","0.53","0.19","89.56","117.22","0.15","","32.00","134.71"
"209470a6568b32a48a30dd4c5020814fcf86e21e","ci-emulator","36511150618","alternateScreenUpdate","10000","chunkedLayers","3","","0.48","0.23","91.58","120.94","0.22","","35.00","135.13"
"209470a6568b32a48a30dd4c5020814fcf86e21e","ci-emulator","36511150618","appendAndTrim","1000","eager","3","","0.71","0.33","143.71","170.35","0.86","","32.00","147.75"
"209470a6568b32a48a30dd4c5020814fcf86e21e","ci-emulator","36511150618","appendAndTrim","1000","chunkedEager","3","","0.85","0.35","75.74","109.57","1.19","","32.00","148.85"
"209470a6568b32a48a30dd4c5020814fcf86e21e","ci-emulator","36511150618","appendAndTrim","1000","chunkedLayers","3","","1.28","0.43","76.08","105.67","1.59","","32.00","132.23"
"209470a6568b32a48a30dd4c5020814fcf86e21e","ci-emulator","36511150618","appendAndTrim","5000","eager","3","","1.15","0.27","2146.29","2189.34","2.69","","32.00","264.05"
"209470a6568b32a48a30dd4c5020814fcf86e21e","ci-emulator","36511150618","appendAndTrim","5000","chunkedEager","3","","1.58","0.27","194.49","230.09","1.31","","31.00","246.31"
"209470a6568b32a48a30dd4c5020814fcf86e21e","ci-emulator","36511150618","appendAndTrim","5000","chunkedLayers","3","","1.33","0.27","90.79","122.90","1.31","","31.00","193.20"
"209470a6568b32a48a30dd4c5020814fcf86e21e","ci-emulator","36511150618","appendAndTrim","10000","eager","3","","1.94","0.33","8138.09","8211.82","4.97","","28.00","349.82"
"209470a6568b32a48a30dd4c5020814fcf86e21e","ci-emulator","36511150618","appendAndTrim","10000","chunkedEager","3","","2.65","0.42","353.97","410.42","1.94","","30.00","346.38"
"209470a6568b32a48a30dd4c5020814fcf86e21e","ci-emulator","36511150618","appendAndTrim","10000","chunkedLayers","3","","2.07","0.49","145.35","191.12","2.17","","31.00","286.36"
"209470a6568b32a48a30dd4c5020814fcf86e21e","ci-emulator","36511150618","activeRowUpdate","1000","eager","3","","0.49","0.28","82.66","114.72","0.99","","40.00","148.42"
"209470a6568b32a48a30dd4c5020814fcf86e21e","ci-emulator","36511150618","activeRowUpdate","1000","chunkedEager","3","","0.60","0.14","77.94","118.51","1.42","","40.00","149.25"
"209470a6568b32a48a30dd4c5020814fcf86e21e","ci-emulator","36511150618","activeRowUpdate","1000","chunkedLayers","3","","1.29","0.26","94.85","116.36","0.54","","39.00","107.73"
"209470a6568b32a48a30dd4c5020814fcf86e21e","ci-emulator","36511150618","activeRowUpdate","5000","eager","3","","0.25","0.15","173.93","206.45","3.13","","37.00","253.43"
"209470a6568b32a48a30dd4c5020814fcf86e21e","ci-emulator","36511150618","activeRowUpdate","5000","chunkedEager","3","","0.34","0.15","155.43","193.20","1.14","","38.00","245.37"
"209470a6568b32a48a30dd4c5020814fcf86e21e","ci-emulator","36511150618","activeRowUpdate","5000","chunkedLayers","3","","0.50","0.32","98.73","119.43","3.11","","40.00","171.36"
"209470a6568b32a48a30dd4c5020814fcf86e21e","ci-emulator","36511150618","activeRowUpdate","10000","eager","3","","0.20","0.11","333.24","377.86","2.85","","37.00","346.04"
"209470a6568b32a48a30dd4c5020814fcf86e21e","ci-emulator","36511150618","activeRowUpdate","10000","chunkedEager","3","","0.37","0.13","271.21","306.56","2.22","","38.00","339.15"
"209470a6568b32a48a30dd4c5020814fcf86e21e","ci-emulator","36511150618","activeRowUpdate","10000","chunkedLayers","3","","0.33","0.24","98.62","121.74","6.31","","42.00","250.11"
"209470a6568b32a48a30dd4c5020814fcf86e21e","ci-emulator","36511150618","historyScroll","1000","eager","3","","","","97.99","122.45","","","44.00","114.45"
"209470a6568b32a48a30dd4c5020814fcf86e21e","ci-emulator","36511150618","historyScroll","1000","chunkedEager","3","","","","97.72","122.97","","","43.00","114.96"
"209470a6568b32a48a30dd4c5020814fcf86e21e","ci-emulator","36511150618","historyScroll","1000","chunkedLayers","3","","","","97.53","121.00","","","44.00","105.57"
"209470a6568b32a48a30dd4c5020814fcf86e21e","ci-emulator","36511150618","historyScroll","5000","eager","3","","","","88.13","125.38","","","39.00","203.52"
"209470a6568b32a48a30dd4c5020814fcf86e21e","ci-emulator","36511150618","historyScroll","5000","chunkedEager","3","","","","96.21","123.21","","","44.00","205.05"
"209470a6568b32a48a30dd4c5020814fcf86e21e","ci-emulator","36511150618","historyScroll","5000","chunkedLayers","3","","","","95.99","118.28","","","43.00","173.92"
"209470a6568b32a48a30dd4c5020814fcf86e21e","ci-emulator","36511150618","historyScroll","10000","eager","3","","","","117.63","149.31","","","26.00","281.54"
"209470a6568b32a48a30dd4c5020814fcf86e21e","ci-emulator","36511150618","historyScroll","10000","chunkedEager","3","","","","93.48","119.04","","","44.00","287.08"
"209470a6568b32a48a30dd4c5020814fcf86e21e","ci-emulator","36511150618","historyScroll","10000","chunkedLayers","3","","","","99.21","120.20","","","43.00","248.66"
"209470a6568b32a48a30dd4c5020814fcf86e21e","ci-emulator","36511150618","initialCompose","1000","eager","3","325.35","35.62","1.52","181.83","242.24","93.05","42.58","5.00","116.46"
"209470a6568b32a48a30dd4c5020814fcf86e21e","ci-emulator","36511150618","initialCompose","1000","chunkedEager","3","350.88","30.61","1.44","163.02","259.68","98.27","43.07","4.00","116.59"
"209470a6568b32a48a30dd4c5020814fcf86e21e","ci-emulator","36511150618","initialCompose","1000","chunkedLayers","3","280.16","39.01","1.34","138.13","258.53","97.86","19.85","5.00","103.40"
"209470a6568b32a48a30dd4c5020814fcf86e21e","ci-emulator","36511150618","initialCompose","5000","eager","3","1475.11","97.98","3.86","156.99","1329.94","400.25","638.56","4.00","222.36"
"209470a6568b32a48a30dd4c5020814fcf86e21e","ci-emulator","36511150618","initialCompose","5000","chunkedEager","3","1466.33","77.20","6.14","151.17","1390.82","429.61","609.38","4.00","219.52"
"209470a6568b32a48a30dd4c5020814fcf86e21e","ci-emulator","36511150618","initialCompose","5000","chunkedLayers","3","922.09","85.62","4.65","236.48","833.87","466.89","125.83","4.00","274.46"
"209470a6568b32a48a30dd4c5020814fcf86e21e","ci-emulator","36511150618","initialCompose","10000","eager","3","3567.18","217.80","6.29","187.44","3326.72","799.39","2140.08","5.00","338.82"
"209470a6568b32a48a30dd4c5020814fcf86e21e","ci-emulator","36511150618","initialCompose","10000","chunkedEager","3","3435.58","117.96","5.34","160.21","3248.97","811.45","2135.14","6.00","341.70"
"209470a6568b32a48a30dd4c5020814fcf86e21e","ci-emulator","36511150618","initialCompose","10000","chunkedLayers","3","1681.85","286.62","8.67","185.97","1372.28","776.82","243.48","5.00","344.58"
