"source_sha","environment","run_id","history_rows","scenario","renderer","repeat_iterations","width_ms_per_call","width_max_ms_median","width_calls_median","width_total_ms_median"
"75d1031ece31a0f79501200d71d3d365a5a61dd3","ci-emulator","36854843971","1000","initialCompose","lazyHistory","3","114.80","114.80","1.00","114.80"
"75d1031ece31a0f79501200d71d3d365a5a61dd3","ci-emulator","36854843971","1000","initialCompose","lazyIntrinsic","3","46.12","46.12","1.00","46.12"
"75d1031ece31a0f79501200d71d3d365a5a61dd3","ci-emulator","36854843971","1000","activeRowUpdate","lazyHistory","3","6.56","40.80","30.00","196.92"
"75d1031ece31a0f79501200d71d3d365a5a61dd3","ci-emulator","36854843971","1000","activeRowUpdate","lazyIntrinsic","3","2.14","8.92","30.00","64.35"
"75d1031ece31a0f79501200d71d3d365a5a61dd3","ci-emulator","36854843971","1000","appendAndTrim","lazyHistory","3","7.58","37.58","30.00","227.29"
"75d1031ece31a0f79501200d71d3d365a5a61dd3","ci-emulator","36854843971","1000","appendAndTrim","lazyIntrinsic","3","4.17","46.81","30.00","125.12"
"75d1031ece31a0f79501200d71d3d365a5a61dd3","ci-emulator","36854843971","5000","initialCompose","lazyHistory","3","458.55","458.55","1.00","458.55"
"75d1031ece31a0f79501200d71d3d365a5a61dd3","ci-emulator","36854843971","5000","initialCompose","lazyIntrinsic","3","188.48","188.48","1.00","188.48"
"75d1031ece31a0f79501200d71d3d365a5a61dd3","ci-emulator","36854843971","5000","activeRowUpdate","lazyHistory","3","7.53","43.77","30.00","225.84"
"75d1031ece31a0f79501200d71d3d365a5a61dd3","ci-emulator","36854843971","5000","activeRowUpdate","lazyIntrinsic","3","2.27","9.34","30.00","68.24"
"75d1031ece31a0f79501200d71d3d365a5a61dd3","ci-emulator","36854843971","5000","appendAndTrim","lazyHistory","3","8.15","45.10","30.00","244.36"
"75d1031ece31a0f79501200d71d3d365a5a61dd3","ci-emulator","36854843971","5000","appendAndTrim","lazyIntrinsic","3","2.49","7.34","30.00","74.69"
"75d1031ece31a0f79501200d71d3d365a5a61dd3","ci-emulator","36854843971","10000","initialCompose","lazyHistory","3","908.41","908.41","1.00","908.41"
"75d1031ece31a0f79501200d71d3d365a5a61dd3","ci-emulator","36854843971","10000","initialCompose","lazyIntrinsic","3","423.87","423.87","1.00","423.87"
"75d1031ece31a0f79501200d71d3d365a5a61dd3","ci-emulator","36854843971","10000","activeRowUpdate","lazyHistory","3","7.15","34.87","30.00","214.44"
"75d1031ece31a0f79501200d71d3d365a5a61dd3","ci-emulator","36854843971","10000","activeRowUpdate","lazyIntrinsic","3","2.05","5.48","30.00","61.50"
"75d1031ece31a0f79501200d71d3d365a5a61dd3","ci-emulator","36854843971","10000","appendAndTrim","lazyHistory","3","7.77","32.07","30.00","233.10"
"75d1031ece31a0f79501200d71d3d365a5a61dd3","ci-emulator","36854843971","10000","appendAndTrim","lazyIntrinsic","3","3.20","19.59","30.00","96.10"
