mode,phase,iteration,launch,frameRevision,outputBytes,virtual,panelCompositions,inputToDrawMs,inputToVisibleCheckMs,INPUT_ENQUEUE_STARTED,INPUT_WRITE_STARTED,OUTPUT_READ,EMULATOR_FED,UI_OUTPUT_RECEIVED,FRAME_PUBLISHED,FRAME_DRAWN
chunkedLayers,mounted,0,8a951695-549a-4c89-b603-1d2dc4bfeb20,9,16,False,2,73.859154,193.602945,0.994304,2.353991,5.652409,5.995914,6.163167,8.273819,73.859154
chunkedLayers,mounted,1,8a951695-549a-4c89-b603-1d2dc4bfeb20,10,16,False,2,50.218876,168.876817,3.718234,4.301222,5.047842,5.264928,5.370545,10.125312,50.218876
chunkedLayers,mounted,2,8a951695-549a-4c89-b603-1d2dc4bfeb20,11,16,False,2,70.836503,178.966297,4.715437,5.260523,12.06009,12.363187,16.651661,18.531055,70.836503
chunkedLayers,imeVisible,0,8a951695-549a-4c89-b603-1d2dc4bfeb20,12,19,False,2,81.013993,232.887908,23.491284,26.704483,38.434437,38.730818,45.508424,47.791897,81.013993
chunkedLayers,imeVisible,1,8a951695-549a-4c89-b603-1d2dc4bfeb20,13,19,False,2,86.02465,208.704207,0.848501,1.071732,16.484699,16.717568,47.180707,49.687431,86.02465
chunkedLayers,imeVisible,2,8a951695-549a-4c89-b603-1d2dc4bfeb20,14,19,False,2,136.267542,275.227307,19.9102,20.312539,21.305408,21.479081,21.584136,43.41294,136.267542
chunkedLayers,imeHidden,0,8a951695-549a-4c89-b603-1d2dc4bfeb20,15,18,False,2,49.520887,154.470711,0.724052,1.097257,1.76668,2.019823,2.142798,6.162225,49.520887
chunkedLayers,imeHidden,1,8a951695-549a-4c89-b603-1d2dc4bfeb20,16,18,False,2,59.113088,177.20675,0.846615,1.028533,11.46243,11.6826,16.061139,17.545278,59.113088
chunkedLayers,imeHidden,2,8a951695-549a-4c89-b603-1d2dc4bfeb20,17,18,False,2,37.170184,142.142597,0.762295,1.132709,2.600804,2.856405,6.807101,8.51456,37.170184
chunkedLayers,remount,0,8a951695-549a-4c89-b603-1d2dc4bfeb20,18,16,False,2,41.853507,142.706724,0.840752,1.168469,1.869739,4.194568,4.322086,6.062263,41.853507
chunkedLayers,remount,1,8a951695-549a-4c89-b603-1d2dc4bfeb20,19,16,False,2,43.227815,146.242879,0.617885,0.765898,1.801915,2.061807,2.200886,14.42978,43.227815
chunkedLayers,remount,2,8a951695-549a-4c89-b603-1d2dc4bfeb20,20,16,False,2,57.931277,162.32692,0.561503,0.70142,6.327376,6.554456,6.67976,8.287346,57.931277
lazyHistory,mounted,0,c68ab0c8-e4f9-4792-bd6c-1b7c94af27c0,9,16,True,1,62.540434,161.742968,0.71578,1.298387,2.006738,2.395594,2.507299,5.892645,62.540434
lazyHistory,mounted,1,c68ab0c8-e4f9-4792-bd6c-1b7c94af27c0,10,16,True,1,55.324285,161.716612,0.926124,1.188568,1.969052,2.247028,2.362128,9.523003,55.324285
lazyHistory,mounted,2,c68ab0c8-e4f9-4792-bd6c-1b7c94af27c0,11,16,True,1,52.736811,149.05189,0.937668,1.514286,14.760825,15.121583,22.71628,27.273635,52.736811
lazyHistory,imeVisible,0,c68ab0c8-e4f9-4792-bd6c-1b7c94af27c0,12,19,False,2,56.82253,224.340001,0.854033,1.056356,2.853427,3.118564,3.247498,5.301792,56.82253
lazyHistory,imeVisible,1,c68ab0c8-e4f9-4792-bd6c-1b7c94af27c0,13,19,False,2,179.772287,283.492157,12.546296,17.968225,56.681215,56.981609,57.130485,64.831943,179.772287
lazyHistory,imeVisible,2,c68ab0c8-e4f9-4792-bd6c-1b7c94af27c0,14,19,False,2,108.484082,247.856134,11.019772,11.332459,12.371315,12.65529,12.779843,14.775552,108.484082
lazyHistory,imeHidden,0,c68ab0c8-e4f9-4792-bd6c-1b7c94af27c0,15,18,False,2,48.979564,144.525329,1.959812,5.593723,6.460524,6.740898,6.867487,13.563591,48.979564
lazyHistory,imeHidden,1,c68ab0c8-e4f9-4792-bd6c-1b7c94af27c0,16,18,False,2,62.543112,158.210326,5.453402,6.49219,15.728761,16.007466,22.266649,24.471301,62.543112
lazyHistory,imeHidden,2,c68ab0c8-e4f9-4792-bd6c-1b7c94af27c0,17,18,False,2,48.824149,156.499042,0.846225,1.050666,12.556454,12.858261,19.867635,22.17885,48.824149
lazyHistory,remount,0,c68ab0c8-e4f9-4792-bd6c-1b7c94af27c0,18,16,True,1,82.359257,179.024126,0.658654,0.895965,17.497744,17.760137,17.90379,23.285073,82.359257
lazyHistory,remount,1,c68ab0c8-e4f9-4792-bd6c-1b7c94af27c0,19,16,True,1,45.286839,148.438429,1.17207,1.379055,19.703957,20.079408,23.463152,25.157968,45.286839
lazyHistory,remount,2,c68ab0c8-e4f9-4792-bd6c-1b7c94af27c0,20,16,True,1,38.935152,137.345744,0.734746,1.473774,3.006476,3.325223,12.272855,16.089617,38.935152
lazyHistoryIme,mounted,0,e9752fe9-f452-4437-b2f0-279f77d9a951,8,16,True,1,55.066818,147.738559,0.691949,1.153925,2.207154,2.454567,2.549689,8.107889,55.066818
lazyHistoryIme,mounted,1,e9752fe9-f452-4437-b2f0-279f77d9a951,9,16,True,1,49.998561,146.050217,0.760641,0.99369,11.77533,12.524755,16.110618,18.865096,49.998561
lazyHistoryIme,mounted,2,e9752fe9-f452-4437-b2f0-279f77d9a951,10,16,True,1,46.714457,144.949263,0.738404,0.907294,6.518709,6.776844,16.057865,19.353887,46.714457
lazyHistoryIme,imeVisible,0,e9752fe9-f452-4437-b2f0-279f77d9a951,11,19,True,1,100.214626,280.335386,4.378717,5.273261,6.081113,9.501013,9.623063,41.180045,100.214626
lazyHistoryIme,imeVisible,1,e9752fe9-f452-4437-b2f0-279f77d9a951,12,19,True,1,111.83808,234.804463,0.927962,4.454788,5.431141,5.681876,18.030728,23.866148,111.83808
lazyHistoryIme,imeVisible,2,e9752fe9-f452-4437-b2f0-279f77d9a951,13,19,True,1,101.334808,220.585735,8.699528,9.425828,15.7501,16.048104,29.067725,35.0406,101.334808
lazyHistoryIme,imeHidden,0,e9752fe9-f452-4437-b2f0-279f77d9a951,14,18,True,1,109.751403,212.18455,6.816878,7.098476,16.364139,16.655008,22.68844,27.418514,109.751403
lazyHistoryIme,imeHidden,1,e9752fe9-f452-4437-b2f0-279f77d9a951,15,18,True,1,43.615315,165.050646,1.862107,2.226738,2.998984,6.48056,6.601858,8.865056,43.615315
lazyHistoryIme,imeHidden,2,e9752fe9-f452-4437-b2f0-279f77d9a951,16,18,True,1,50.659446,158.635584,0.998854,1.235099,13.528174,13.774045,19.720126,22.267207,50.659446
lazyHistoryIme,remount,0,e9752fe9-f452-4437-b2f0-279f77d9a951,17,16,True,1,41.241892,146.876986,1.023985,4.046543,9.382622,9.598926,16.042501,18.939255,41.241892
lazyHistoryIme,remount,1,e9752fe9-f452-4437-b2f0-279f77d9a951,18,16,True,1,38.01617,145.083451,1.346579,2.495797,3.379283,3.667901,3.775717,6.001156,38.01617
lazyHistoryIme,remount,2,e9752fe9-f452-4437-b2f0-279f77d9a951,19,16,True,1,35.769559,140.316392,0.584436,0.711385,1.278288,1.444706,1.540276,4.305354,35.769559
