scenario,history_rows,mode,token,historyRead,blocksMeasured,historyReused,directoryVisits,retainedRows,retainedBlocks
activeRowUpdate,1000,chunkedLayers,857506bb-7008-4433-bb2c-db8fb30dc718,0,0,0,0,1000,8
activeRowUpdate,1000,chunkedLayers,b06621bb-1316-4c6c-9f2d-52c1bc9ee5a8,0,0,0,0,1000,8
activeRowUpdate,1000,chunkedLayers,f3f1260c-8b71-4b96-aaba-458acbb33b7f,0,0,0,0,1000,8
activeRowUpdate,1000,lazyHistory,55a28a9c-415a-4cab-9d13-1365ee4dc38c,0,0,0,0,0,0
activeRowUpdate,1000,lazyHistory,986eed00-1eb8-445f-a252-a48869d13d33,0,0,0,0,0,0
activeRowUpdate,1000,lazyHistory,a3dc6558-c69f-4ea4-8eda-2c1d789e1f81,0,0,0,0,0,0
activeRowUpdate,1000,lazyHistoryIme,07e94b6e-0d94-4393-a0a0-97b9664b2467,0,0,0,0,0,0
activeRowUpdate,1000,lazyHistoryIme,94823820-d8d9-4a1c-b1db-fb59af18dad1,0,0,0,0,0,0
activeRowUpdate,1000,lazyHistoryIme,df048527-99b7-4c28-bbdb-194f21c4e5d2,0,0,0,0,0,0
activeRowUpdate,5000,chunkedLayers,0b2433e2-535d-4480-9610-d7bb50dd809f,0,0,0,0,5000,40
activeRowUpdate,5000,chunkedLayers,c0a597bd-1b78-4fd4-a0d1-a48af4fe1f64,0,0,0,0,5000,40
activeRowUpdate,5000,chunkedLayers,d366da3d-7d2d-4c37-8b32-f360aa3a20b9,0,0,0,0,5000,40
activeRowUpdate,5000,lazyHistory,18d039d5-ab44-4c4f-a99c-27af00d3e07e,0,0,0,0,0,0
activeRowUpdate,5000,lazyHistory,a550165c-35f6-4d43-a8b3-209aa8e2719b,0,0,0,0,0,0
activeRowUpdate,5000,lazyHistory,efa55f96-436b-4cf7-96fe-4c8b2c1f873f,0,0,0,0,0,0
activeRowUpdate,5000,lazyHistoryIme,326dd2aa-4457-42ee-b213-8b7b65781e61,0,0,0,0,0,0
activeRowUpdate,5000,lazyHistoryIme,d623aaf6-31ab-4497-9a62-4666d98c67a8,0,0,0,0,0,0
activeRowUpdate,5000,lazyHistoryIme,f0447c96-1833-44a3-801e-63af379f8994,0,0,0,0,0,0
activeRowUpdate,10000,chunkedLayers,0b69e75e-f0f3-4e20-afd6-8b5bf5cb1609,0,0,0,0,10000,79
activeRowUpdate,10000,chunkedLayers,8faad708-e4ef-4a27-8d7a-315ecb79e74c,0,0,0,0,10000,79
activeRowUpdate,10000,chunkedLayers,fd6086bb-8778-4f34-9618-8823de575ce0,0,0,0,0,10000,79
activeRowUpdate,10000,lazyHistory,64c3f0e7-a7af-40c2-906b-8b25884b47b6,0,0,0,0,0,0
activeRowUpdate,10000,lazyHistory,77b9e172-bebe-468f-9360-bf7abfea7ed2,0,0,0,0,0,0
activeRowUpdate,10000,lazyHistory,e7cc1208-ab9f-497a-ba45-3cef28948cd7,0,0,0,0,0,0
activeRowUpdate,10000,lazyHistoryIme,3b12607f-d373-4def-8251-a5db1ccaf765,0,0,0,0,0,0
activeRowUpdate,10000,lazyHistoryIme,d8812b20-1366-4700-9881-551284bb035a,0,0,0,0,0,0
activeRowUpdate,10000,lazyHistoryIme,f29dffa5-05ce-4458-8f01-8e72ef4d1d6b,0,0,0,0,0,0
appendAndTrim,1000,chunkedLayers,73794d83-3788-4731-a08b-eecfd3057169,6192,60,23808,492,1000,9
appendAndTrim,1000,chunkedLayers,89f153cb-c549-49b2-a4b3-fd1261e41d26,6192,60,23808,492,1000,9
appendAndTrim,1000,chunkedLayers,9ffe0a51-0ec3-40d9-a3ff-1760aa665a18,6192,60,23808,492,1000,9
appendAndTrim,1000,lazyHistory,17cd4806-a5dd-486a-900c-8f6cc700242f,0,0,0,0,0,0
appendAndTrim,1000,lazyHistory,5817dd78-5c78-4fbc-9a38-a33ceacf0c42,0,0,0,0,0,0
appendAndTrim,1000,lazyHistory,8e3eacd0-7041-483e-82e1-2c79cc13bc10,0,0,0,0,0,0
appendAndTrim,1000,lazyHistoryIme,275720d7-7bb3-436b-918a-53893558d426,0,0,0,0,0,0
appendAndTrim,1000,lazyHistoryIme,73e779a5-86b7-46dd-b511-c44bcc1cf30b,0,0,0,0,0,0
appendAndTrim,1000,lazyHistoryIme,96022742-8123-4235-86e3-aec6b0e60399,0,0,0,0,0,0
appendAndTrim,5000,chunkedLayers,762549a9-be94-4d0b-b9e2-c2204147fbbe,4080,60,145920,2400,5000,40
appendAndTrim,5000,chunkedLayers,a59e3263-432d-4d58-bc27-8cc20e742da2,4080,60,145920,2400,5000,40
appendAndTrim,5000,chunkedLayers,f8262017-704c-42c8-ad50-44d65b16788a,4080,60,145920,2400,5000,40
appendAndTrim,5000,lazyHistory,2ee04399-2027-47c7-9b97-487ac84b362f,0,0,0,0,0,0
appendAndTrim,5000,lazyHistory,6321231a-eabc-4553-bae8-bc8421ea27c7,0,0,0,0,0,0
appendAndTrim,5000,lazyHistory,bd1ce5a9-8748-4bbc-98cd-10a82bc6f463,0,0,0,0,0,0
appendAndTrim,5000,lazyHistoryIme,5c59e2cf-36d3-4563-87c0-29be65278001,0,0,0,0,0,0
appendAndTrim,5000,lazyHistoryIme,d52060a0-96a2-4a71-8996-3faf63772d99,0,0,0,0,0,0
appendAndTrim,5000,lazyHistoryIme,e88490d8-0221-492f-9f6a-b60be8194f38,0,0,0,0,0,0
appendAndTrim,10000,chunkedLayers,3ca8b986-1918-4df8-98dd-d9cf991fd0a3,4320,60,295680,4740,10000,79
appendAndTrim,10000,chunkedLayers,56f92c1f-aac0-4b21-bc16-754b049fdbbc,4320,60,295680,4740,10000,79
appendAndTrim,10000,chunkedLayers,f67a3cdc-9bab-4bf4-9413-9f895034fbb9,4320,60,295680,4740,10000,79
appendAndTrim,10000,lazyHistory,2f8644b9-d7dc-49d7-931e-d937a644452b,0,0,0,0,0,0
appendAndTrim,10000,lazyHistory,852b641a-cce8-433a-9318-107db20d132e,0,0,0,0,0,0
appendAndTrim,10000,lazyHistory,e5b420f2-fd49-4ae3-9092-e9f13a0da331,0,0,0,0,0,0
appendAndTrim,10000,lazyHistoryIme,09a458dc-8d4f-4e24-9e6a-f32d22499993,0,0,0,0,0,0
appendAndTrim,10000,lazyHistoryIme,56a3e979-94e5-4f90-abab-8c25cc7e8c0c,0,0,0,0,0,0
appendAndTrim,10000,lazyHistoryIme,c7f4bf33-865a-4dc7-8917-da901c1f5f0c,0,0,0,0,0,0
semanticJump,1000,chunkedLayers,6661ba60-3f1e-4afa-92cc-e2bce057ff43,0,0,0,0,1000,8
semanticJump,1000,chunkedLayers,b7ded41d-4193-4e91-a23a-5fdd1b150af3,0,0,0,0,1000,8
semanticJump,1000,chunkedLayers,bd20dc07-b47a-47c8-9a31-a070f3e819c8,0,0,0,0,1000,8
semanticJump,1000,lazyHistory,545ab8ca-c19a-4761-9525-ee72e8cfb4c7,0,0,0,0,0,0
semanticJump,1000,lazyHistory,8e7ea3ef-a7f0-4f28-827e-48daebb68f34,0,0,0,0,0,0
semanticJump,1000,lazyHistory,f66cfb04-a08b-4814-aef8-25ba6f1565d1,0,0,0,0,0,0
semanticJump,1000,lazyHistoryIme,4c8ac827-7aea-4307-a435-e2add0332cd8,0,0,0,0,0,0
semanticJump,1000,lazyHistoryIme,6f47ba88-c6bd-42b5-9897-7cac745b26bd,0,0,0,0,0,0
semanticJump,1000,lazyHistoryIme,bcf067e7-cefb-4d63-b047-6b6211a53ba2,0,0,0,0,0,0
semanticJump,5000,chunkedLayers,4bc5c2c3-358e-402b-910a-1b6e63aaad72,0,0,0,0,5000,40
semanticJump,5000,chunkedLayers,671a372d-426d-44cc-b46f-37edd9bc2327,0,0,0,0,5000,40
semanticJump,5000,chunkedLayers,8347201c-64b2-4070-8f51-6eb4351447b6,0,0,0,0,5000,40
semanticJump,5000,lazyHistory,52e21424-4e90-464c-89b2-fa338faaa601,0,0,0,0,0,0
semanticJump,5000,lazyHistory,5f4f11e8-28cf-4b5d-8c82-e9453c5c85f2,0,0,0,0,0,0
semanticJump,5000,lazyHistory,c87c2830-6a40-44d3-bd38-15497df36bfe,0,0,0,0,0,0
semanticJump,5000,lazyHistoryIme,143ba237-c548-4849-b828-b5f7736ba89c,0,0,0,0,0,0
semanticJump,5000,lazyHistoryIme,d335f2fb-8cf4-4acd-872b-e3b82d1b43a9,0,0,0,0,0,0
semanticJump,5000,lazyHistoryIme,edcf31f3-a086-4f8b-ba65-7ed44523d2c7,0,0,0,0,0,0
semanticJump,10000,chunkedLayers,a48ce84c-fb49-485d-b2c4-5d413bc03d56,0,0,0,0,10000,79
semanticJump,10000,chunkedLayers,f7b60324-c723-4cc8-ae31-370e714be9a8,0,0,0,0,10000,79
semanticJump,10000,chunkedLayers,fe041709-abd4-4bbb-b4f9-06317ecdf0ff,0,0,0,0,10000,79
semanticJump,10000,lazyHistory,43695029-5b12-436a-9b5c-bedc81e1ccc1,0,0,0,0,0,0
semanticJump,10000,lazyHistory,51f78d1a-1e0b-47bd-8005-fd930c5235e3,0,0,0,0,0,0
semanticJump,10000,lazyHistory,7a5a8fab-0a49-4539-abb4-d990bda493f7,0,0,0,0,0,0
semanticJump,10000,lazyHistoryIme,2318a8a3-9127-45fa-b9b4-1de4c451bfe3,0,0,0,0,0,0
semanticJump,10000,lazyHistoryIme,4b3517a4-f6a5-400e-9f14-770cfea335b7,0,0,0,0,0,0
semanticJump,10000,lazyHistoryIme,830584b4-4ae2-4217-8bda-428ab9b3ff56,0,0,0,0,0,0
imeRoundTrip,1000,chunkedLayers,0f23b87d-6d2b-427e-847d-e7fba7e65652,0,0,0,0,1000,8
imeRoundTrip,1000,chunkedLayers,378b8aee-c68f-463f-a0b7-70d091ab0a51,0,0,0,0,1000,8
imeRoundTrip,1000,chunkedLayers,afb77669-74f8-46ee-829f-f8ff44648c2d,0,0,0,0,1000,8
imeRoundTrip,1000,lazyHistory,0f25a98f-90c9-404b-91e8-c9d75abe73d5,1000,8,0,8,0,0
imeRoundTrip,1000,lazyHistory,6488f904-cbd9-48a5-bc70-f9795d9435bc,1000,8,0,8,0,0
imeRoundTrip,1000,lazyHistory,ed5cb13b-fac1-459f-8dcd-286d7336e715,1000,8,0,8,0,0
imeRoundTrip,1000,lazyHistoryIme,55094959-950a-4618-a0ee-fdec47af2606,0,0,0,0,0,0
imeRoundTrip,1000,lazyHistoryIme,64d32f2a-d627-4915-8545-17aff2aab331,0,0,0,0,0,0
imeRoundTrip,1000,lazyHistoryIme,ac22cbad-85ad-4bbc-a313-09df527bb448,0,0,0,0,0,0
imeRoundTrip,5000,chunkedLayers,66349e90-0c97-48db-9351-f3ed4eca9f1f,0,0,0,0,5000,40
imeRoundTrip,5000,chunkedLayers,98e0aa72-eddf-497d-a223-155d79bfbb9c,0,0,0,0,5000,40
imeRoundTrip,5000,chunkedLayers,cf6c7cfd-4a05-41bb-97d8-6c0f0a8af7b2,0,0,0,0,5000,40
imeRoundTrip,5000,lazyHistory,394409b6-82f2-486f-af8b-66fee3dc7df3,5000,40,0,40,0,0
imeRoundTrip,5000,lazyHistory,7002658f-a56e-4bdc-9013-45ca32babcec,5000,40,0,40,0,0
imeRoundTrip,5000,lazyHistory,8cf53f64-a84c-41db-aac1-c33bc6d6f100,5000,40,0,40,0,0
imeRoundTrip,5000,lazyHistoryIme,5828824c-e2af-4d51-933e-c5dd85ab5f31,0,0,0,0,0,0
imeRoundTrip,5000,lazyHistoryIme,b21085d8-de51-4b7c-a971-813d9e680e94,0,0,0,0,0,0
imeRoundTrip,5000,lazyHistoryIme,ccd9d968-7092-424e-890f-cf9dd0806b86,0,0,0,0,0,0
imeRoundTrip,10000,chunkedLayers,03765c38-b672-4e16-b8c5-71b44edd6235,0,0,0,0,10000,79
imeRoundTrip,10000,chunkedLayers,b9009050-56c3-4c81-9209-8ab3e71e2eb2,0,0,0,0,10000,79
imeRoundTrip,10000,chunkedLayers,eb19a32d-53e7-4394-b03a-f26906a6728e,0,0,0,0,10000,79
imeRoundTrip,10000,lazyHistory,1838b353-51d8-4147-8988-dc7847f40061,10000,79,0,79,0,0
imeRoundTrip,10000,lazyHistory,8305dec2-fd46-4314-829b-58c6d4c70e5b,10000,79,0,79,0,0
imeRoundTrip,10000,lazyHistory,9314e0c9-e6a4-41bd-83e1-33a6720d7fd7,10000,79,0,79,0,0
imeRoundTrip,10000,lazyHistoryIme,0eccf6d5-a732-4cb3-b886-636d6dab4784,0,0,0,0,0,0
imeRoundTrip,10000,lazyHistoryIme,91a1299e-d7d8-4a4b-920d-eb846dfad95c,0,0,0,0,0,0
imeRoundTrip,10000,lazyHistoryIme,d9156a76-f87f-42f1-abec-5303cd525ffe,0,0,0,0,0,0
