scenario,job_id,history_rows,mode,repetitions,mount_ms,operation_ms,output_per_op_ms,cpu_p95_ms,width_per_call_ms,rss_anon_max_mib
initialCompose,113129139519,1000,chunkedLayers,3,488.15,,,375.75,,104.02
initialCompose,113129139519,1000,lazyHistory,3,400.4,,,219.96,38.32,93.38
initialCompose,113129139519,1000,lazyHistoryIme,3,414.03,,,208.74,59.59,93.43
initialCompose,113129139519,5000,chunkedLayers,3,5121.56,,,247.98,,185.25
initialCompose,113129139519,5000,lazyHistory,3,1205.74,,,1062.9,708.81,222.08
initialCompose,113129139519,5000,lazyHistoryIme,3,1052.1,,,730.59,524.74,136.81
initialCompose,113129139519,10000,chunkedLayers,3,8520.49,,,239.41,,256.41
initialCompose,113129139519,10000,lazyHistory,3,1823.53,,,1552.78,1362.45,186.42
initialCompose,113129139519,10000,lazyHistoryIme,3,2330.34,,,1772.84,1796.06,185.51
activeRowUpdate,113129139371,1000,chunkedLayers,3,,5553.95,185.11,128.6,,107.13
activeRowUpdate,113129139371,1000,lazyHistory,3,,5700.75,190.01,135.43,0.57,109.18
activeRowUpdate,113129139371,1000,lazyHistoryIme,3,,5639.84,187.98,130.3,2.27,109.16
activeRowUpdate,113129139371,5000,chunkedLayers,3,,5636.16,187.86,131.23,,170.81
activeRowUpdate,113129139371,5000,lazyHistory,3,,5571.2,185.69,129.68,1.02,118.79
activeRowUpdate,113129139371,5000,lazyHistoryIme,3,,5653.36,188.43,128.69,0.64,137.33
activeRowUpdate,113129139371,10000,chunkedLayers,3,,5966.37,198.86,130.65,,249.56
activeRowUpdate,113129139371,10000,lazyHistory,3,,5557.47,185.23,133.31,0.62,200.32
activeRowUpdate,113129139371,10000,lazyHistoryIme,3,,5656.37,188.54,128.0,0.56,200.38
appendAndTrim,113129139339,1000,chunkedLayers,3,,4959.02,165.29,105.47,,132.38
appendAndTrim,113129139339,1000,lazyHistory,3,,5485.2,182.83,103.59,0.67,101.78
appendAndTrim,113129139339,1000,lazyHistoryIme,3,,5516.53,183.79,108.83,0.56,101.67
appendAndTrim,113129139339,5000,chunkedLayers,3,,5981.18,199.36,138.41,,186.04
appendAndTrim,113129139339,5000,lazyHistory,3,,5588.12,186.04,105.23,1.13,122.78
appendAndTrim,113129139339,5000,lazyHistoryIme,3,,5624.79,187.48,102.42,0.46,122.68
appendAndTrim,113129139339,10000,chunkedLayers,3,,7941.77,264.72,190.8,,286.3
appendAndTrim,113129139339,10000,lazyHistory,3,,5541.47,184.7,104.87,0.68,174.27
appendAndTrim,113129139339,10000,lazyHistoryIme,3,,5665.85,188.85,103.54,0.58,172.43
semanticJump,113129139367,1000,chunkedLayers,3,,1222.67,,104.35,,105.4
semanticJump,113129139367,1000,lazyHistory,3,,812.56,,110.33,,109.95
semanticJump,113129139367,1000,lazyHistoryIme,3,,759.76,,98.63,,109.73
semanticJump,113129139367,5000,chunkedLayers,3,,1317.33,,94.63,,163.5
semanticJump,113129139367,5000,lazyHistory,3,,745.22,,100.67,,148.47
semanticJump,113129139367,5000,lazyHistoryIme,3,,730.28,,104.82,,145.7
semanticJump,113129139367,10000,chunkedLayers,3,,1358.95,,92.54,,255.99
semanticJump,113129139367,10000,lazyHistory,3,,720.86,,100.22,,167.09
semanticJump,113129139367,10000,lazyHistoryIme,3,,767.31,,101.67,,178.81
imeRoundTrip,113129139275,1000,chunkedLayers,3,,3819.13,190.52,209.65,,106.64
imeRoundTrip,113129139275,1000,lazyHistory,3,,4191.36,194.3,252.45,0.66,126.94
imeRoundTrip,113129139275,1000,lazyHistoryIme,3,,3740.22,192.84,231.08,1.21,97.05
imeRoundTrip,113129139275,5000,chunkedLayers,3,,3780.62,192.12,224.84,,165.32
imeRoundTrip,113129139275,5000,lazyHistory,3,,7443.07,205.59,218.98,0.69,222.75
imeRoundTrip,113129139275,5000,lazyHistoryIme,3,,3738.19,205.32,226.98,0.78,117.53
imeRoundTrip,113129139275,10000,chunkedLayers,3,,3916.97,195.05,240.31,,268.45
imeRoundTrip,113129139275,10000,lazyHistory,3,,10589.2,197.8,198.37,0.72,306.31
imeRoundTrip,113129139275,10000,lazyHistoryIme,3,,3773.43,196.24,234.68,0.36,149.6
detachRestore,113129139348,1000,chunkedLayers,3,,845.13,,613.11,,139.77
detachRestore,113129139348,1000,lazyHistory,3,,252.96,,117.35,50.92,101.65
detachRestore,113129139348,1000,lazyHistoryIme,3,,425.08,,154.38,65.48,101.95
detachRestore,113129139348,5000,chunkedLayers,3,,5267.25,,131.95,,266.07
detachRestore,113129139348,5000,lazyHistory,3,,1092.08,,864.99,740.82,143.84
detachRestore,113129139348,5000,lazyHistoryIme,3,,902.5,,673.14,538.68,144.0
detachRestore,113129139348,10000,chunkedLayers,3,,8321.19,,335.24,,295.69
detachRestore,113129139348,10000,lazyHistory,3,,1567.84,,1357.57,1214.31,180.35
detachRestore,113129139348,10000,lazyHistoryIme,3,,1766.36,,1645.61,1426.59,209.7
